gene	d	SFARIscore	SFARIscore_1s	SFARIscore_2s
RYR2	13	0	1	0.6814
DNM3	10	0	1.09090909090909	0.6159
CLU	9	0	1	0.4757
DGKG	6	0	1	0.6421
LNX1	2	0	1	0.875
NEDD4L	2	0	1	0.6692
WNT5A	2	0	1.33333333333333	0.7929
ADRA1B	1	0	1	0.75
ATP1B1	1	0	1.5	1.3125
CHSY3	1	0	1	0.7833
CSGALNACT1	1	0	1	0.7727
GLRA3	1	0	1.5	1.0455
NIPAL3	1	0	1	0.7833
PDE8B	1	0	1	0.75
SLC7A8	1	0	1.5	0.9318
